dysfunction,Maturity,Solutions,Impacts
L'équipe ne s'approprie pas assez le sens métier,Niveau 0,Global,Impact global attendu : Votre équipe aura une meilleure compréhension fonctionnelle des besoins utilisateurs et ils auront un retour régulier de ces derniers.
L'équipe ne s'approprie pas assez le sens métier,Niveau 1,Review,Prise en compte des retours utilisateurs afin de comprendre le sens de leur besoin
L'équipe ne s'approprie pas assez le sens métier,Niveau 2,Persona,Obtenir une représentation des utilisateurs afin de mieux comprendre leurs besoins
L'équipe ne s'approprie pas assez le sens métier,Niveau 3,User Journey,Obtenir un parcours de l'interaction de l'utilisateur sur votre produit et/ou service afin de mieux le connaitre.
L'équipe ne s'approprie pas assez le sens métier,Nextoo,,
L'équipe n'a pas d'objectifs priorisés,Niveau 0,Global,"Impact global attendu : Permettre une meilleure clarté et compréhension des objectifs, un meilleur alignement entre les équipes, une amélioration de la mesure de la performance"
L'équipe n'a pas d'objectifs priorisés,Niveau 1,Atelier SMART,Avoir une vision claire par l'équipe sur les objectifs pouvant l'animer et la guider dans la construction du produit/service
L'équipe n'a pas d'objectifs priorisés,Niveau 2,OKR,Permettre un meilleur alignement entre les équipes ainsi qu'une amélioration de la mesure de la performance. Cela peut aider les équipes à comprendre leur contribution à l'entreprise et permettre à l'entreprise de suivre les résultats de manière plus précise
L'équipe n'a pas d'objectifs priorisés,Nextoo,,
Une personne impose régulièrement des décisions,Niveau 1,Delegation Poker,"Clarifier les niveaux de délégation de chaque membre de l'équipe, en évaluant leur degré d'autonomie et de responsabilité dans la réalisation de tâches spécifiques"
Une personne impose régulièrement des décisions,Nextoo,,
Les membres d'une équipe ne communiquent pas suffisamment,Niveau 0,Global,Impact global attendu : Permettre une meilleure communication au sein de l'équipe grâce à une meilleure transparence et une amélioration continue du travail en équipe
Les membres d'une équipe ne communiquent pas suffisamment,Niveau 1,Daily Meeting,"Permettant une meilleure coordination, une plus grande transparence et une meilleure collaboration au sein de l'équipe"
Les membres d'une équipe ne communiquent pas suffisamment,Niveau 2,Rétrospective,"Amélioration du travail en équipe en favorisant l'alignement, la communication, la responsabilisation et l'amélioration continue."
Les membres d'une équipe ne communiquent pas suffisamment,Niveau 3,Team Building,Renforcer la cohésion et la collaboration au sein d'une équipe
Les membres d'une équipe ne communiquent pas suffisamment,Nextoo,,
L'équipe ne recherche pas le feedback,Niveau 0,Global,Impact global attendu : Permettre à l'équipe d'avoir des retours sur son fonctionnement et la valeur qu'elle délivre
L'équipe ne recherche pas le feedback,Niveau 1,Feedback Loop,"Les feedback loops permettent de recueillir des commentaires réguliers de la part des utilisateurs ou des parties prenantes, ce qui permet à l'équipe de développement de comprendre les besoins des utilisateurs et d'ajuster le produit en conséquence. Cela peut conduire à une amélioration de la satisfaction des utilisateurs, une réduction des erreurs et des bugs, et une augmentation de l'adoption du produit."
L'équipe ne recherche pas le feedback,Niveau 2,Rétrospective,"Amélioration du travail en équipe en favorisant l'alignement, la communication, la responsabilisation et l'amélioration continue."
L'équipe ne recherche pas le feedback,Nextoo,,
"En l'absence d'un membre, l'équipe est fortement ralentie",Niveau 1,Trou dans la Raquette by Argios,Connaitre les faiblesses dans la mise en place d'un processus de production et l'objectif est de les combler par un binôme ou une montée en compétences individuelles.
"En l'absence d'un membre, l'équipe est fortement ralentie",Nextoo,KiKaVuKoi (par Nextoo),KiKaVuKoi est un micro atelier / Icebreaker permettant de parler perspective et point de vue avec les équipes.
"En l'absence d'un membre, l'équipe est fortement ralentie",Nextoo 2,Free Your Skills,"Un serious game pour discuter gestion et transfert des compétences, en équipe, dans l'organisation. Quel impact sur la production? Quelle efficacité?"
"En l'absence d'un membre, l'équipe est fortement ralentie",Nextoo 3,Broken squares,Peut-on collaborer sans communiquer? Comment faire en sorte d'atteindre un objectif commun dans un environnement à forte contrainte?
Le produit / le service ne possède pas l'entièreté des compétences pour son bon fonctionnement,Niveau 1,Trou dans la Raquette by Argios,Connaitre les faiblesses dans la mise en place d'un processus de production et l'objectif est de les combler par un binôme ou une montée en compétences individuelles.
Le produit / le service ne possède pas l'entièreté des compétences pour son bon fonctionnement,Nextoo 1,KiKaVuKoi (par Nextoo),KiKaVuKoi est un micro atelier / Icebreaker permettant de parler perspective et point de vue avec les équipes.
Le produit / le service ne possède pas l'entièreté des compétences pour son bon fonctionnement,Nextoo 2,Free Your Skills (par Nextoo),"Un serious game pour discuter gestion et transfert des compétences, en équipe, dans l'organisation. Quel impact sur la production? Quelle efficacité?"
Problème d'objectif commun,Niveau 0,Global,Impact global attendu : Permettre une vision global du produit et du service en apportant un ou des objectifs communs à l'équipe et aux parties prenantes
Problème d'objectif commun,Niveau 1,Vision Board,"Permettre de mieux comprendre les besoins et les attentes des utilisateurs, de créer une vision partagée de l'équipe sur le produit, d'aligner les priorités et de mieux planifier les itérations du produit"
Problème d'objectif commun,Niveau 2,Atelier SMART,Avoir une vision claire par l'équipe sur les objectifs pouvant l'animer et la guider dans la construction du produit/service
Problème d'objectif commun,Niveau 3,OKR,Permettre un meilleur alignement entre les équipes ainsi qu'une amélioration de la mesure de la performance. Cela peut aider les équipes à comprendre leur contribution à l'entreprise et permettre à l'entreprise de suivre les résultats de manière plus précise
Problème d'objectif commun,Nextoo,,
L'ambiance n'est pas au beau fixe,Niveau 0,Global,Impact global attendu : Permettre de retourner à une ambiance saine pour l'équipe en favorisant la collaboration et l'alignement de l'équipe
L'ambiance n'est pas au beau fixe,Niveau 1,Team Building,Renforcer la cohésion et la collaboration au sein d'une équipe
L'ambiance n'est pas au beau fixe,Niveau 2,Rétrospective,"Amélioration du travail en équipe en favorisant l'alignement, la communication, la responsabilisation et l'amélioration continue."
L'ambiance n'est pas au beau fixe,Niveau 3,Delegation Poker,"Clarifier les niveaux de délégation de chaque membre de l'équipe, en évaluant leur degré d'autonomie et de responsabilité dans la réalisation de tâches spécifiques"
L'ambiance n'est pas au beau fixe,Nextoo,,
L'équipe se remet rarement en cause,Niveau 0,Global,Impact global attendu : Permettre à l'équipe de se remettre en cause sur son fonctionnement et la valeur qu'elle délivre
L'équipe se remet rarement en cause,Niveau 1,Feedback Loop,"Les feedback loops permettent de recueillir des commentaires réguliers de la part des utilisateurs ou des parties prenantes, ce qui permet à l'équipe de développement de comprendre les besoins des utilisateurs et d'ajuster le produit en conséquence. Cela peut conduire à une amélioration de la satisfaction des utilisateurs, une réduction des erreurs et des bugs, et une augmentation de l'adoption du produit."
L'équipe se remet rarement en cause,Niveau 2,Rétrospective,"Amélioration du travail en équipe en favorisant l'alignement, la communication, la responsabilisation et l'amélioration continue."
L'équipe se remet rarement en cause,Niveau 3,Atelier du Chaos,L'équipe est en mesure de gérer les événements non prévus sans stress et de mesurer la fiabilité de leurs processus et de leur produit.
L'équipe se remet rarement en cause,Nextoo,,
L'équipe dit oui à tout,Niveau 1,Zone d'atterrissage backlog,L'équipe est consciente des prochaines priorités et de sa capacité à réaliser les choses.
L'équipe dit oui à tout,Niveau 2,WIP Limit,Permettre d'identifier les blocages dans le flux de travail et de permettre une meilleure collaboration au sein de l'équipe
L'équipe dit oui à tout,Nextoo,GPS, GPS (grille de programmation Solidaire) permet jusqu’à 9 participants par table d’éprouver leurs capacités à atteindre leurs objectifs dans un monde rempli de distractions.
L'équipe ne se sent pas responsable,Niveau 0,Global,Grille de Programmation Solidaire
L'équipe ne se sent pas responsable,Niveau 1,Redéfinition des rôles,Redéfinir l'ensemble des rôles de l'ensemble des membres de l'équipe
L'équipe ne se sent pas responsable,Niveau 2,Delegation Poker,"Clarifier les niveaux de délégation de chaque membre de l'équipe, en évaluant leur degré d'autonomie et de responsabilité dans la réalisation de tâches spécifiques"
L'équipe ne se sent pas responsable,Niveau 3,Atelier SMART,Avoir une vision claire par l'équipe sur les objectifs pouvant l'animer et la guider dans la construction du produit/service
L'équipe ne se sent pas responsable,Nextoo,,
Des membres de l'équipe font de la rétention d'information,Niveau 0,Global,Impact global attendu : Avoir une meilleure transparence ainsi qu'un alignement de l'équipe sur son fonctionnement et sa valeur
Des membres de l'équipe font de la rétention d'information,Niveau 1,Rétrospective,"Amélioration du travail en équipe en favorisant l'alignement, la communication, la responsabilisation et l'amélioration continue."
Des membres de l'équipe font de la rétention d'information,Niveau 2,Management visuel,"Permettre à l'ensemble de l'équipe d'avoir une visuel sur la vision produit, l'équipe, les objectifs, la roadmap"
Des membres de l'équipe font de la rétention d'information,Nextoo,,
L'équipe est déresponsabilisée,Niveau 0,Global,Impact global attendu : Rendre à l'équipe son autonomie ainsi que ses responsabilités
L'équipe est déresponsabilisée,Niveau 1,Redéfinition des rôles,Redéfinir l'ensemble des rôles de l'ensemble des membres de l'équipe
L'équipe est déresponsabilisée,Niveau 2,Delegation Poker,"Clarifier les niveaux de délégation de chaque membre de l'équipe, en évaluant leur degré d'autonomie et de responsabilité dans la réalisation de tâches spécifiques"
L'équipe est déresponsabilisée,Niveau 3,Atelier SMART,Avoir une vision claire par l'équipe sur les objectifs pouvant l'animer et la guider dans la construction du produit/service
L'équipe est déresponsabilisée,Nextoo,,
L'équipe n'anticipe pas suffisamment,Niveau 1,WIP Limit,Permettre d'identifier les blocages dans le flux de travail et de permettre une meilleure collaboration au sein de l'équipe
L'équipe n'anticipe pas suffisamment,Niveau 2,Atelier du Chaos,L'équipe est en mesure de gérer les événements non prévus sans stress et de mesurer la fiabilité de leurs processus et de leur produit.
L'équipe n'anticipe pas suffisamment,Nextoo,La corde carrée (par Nextoo),"Une corde, des participants avec les yeux bandés... vont-ils réussir à en faire un carré?"
L'équipe n'anticipe pas suffisamment,Nextoo 2,Lego vision (par Nextoo),Avancons nous dans le bon sens? Avons nous tous les éléments pour créer le produit attendu? LegoVision nous fourni des clefs pour répondre à ces questions.
L'équipe est trop grande,Niveau 0,Global,Impact global attendu : Clarifier le rôle et la responsabilité de chacun afin de connaitre les potentiels doublons ou absence de rôle pour savoir si une équipe est trop grande
L'équipe est trop grande,Niveau 1,Delegation Poker,"Clarifier les niveaux de délégation de chaque membre de l'équipe, en évaluant leur degré d'autonomie et de responsabilité dans la réalisation de tâches spécifiques"
L'équipe est trop grande,Niveau 2,Trou dans la Raquette by Argios,Connaitre les faiblesses dans la mise en place d'un processus de production et l'objectif est de les combler par un binôme ou une montée en compétences individuelles.
L'équipe est trop grande,Niveau 3,Atelier SMART,Avoir une vision claire par l'équipe sur les objectifs pouvant l'animer et la guider dans la construction du produit/service
L'équipe est trop grande,Niveau 4,RH,Prendre une décision si l'équipe est considérée trop grande
L'équipe est trop grande,Nextoo,,
La valeur du produit / service reste abstraite pour l'équipe,Niveau 0,Global,Impact global attendu : Votre équipe aura une meilleure compréhension fonctionnelle des besoins utilisateurs et ils auront un retour régulier de ces derniers.
La valeur du produit / service reste abstraite pour l'équipe,Niveau 1,Vision Board,"Permettre de mieux comprendre les besoins et les attentes des utilisateurs, de créer une vision partagée de l'équipe sur le produit, d'aligner les priorités et de mieux planifier les itérations du produit"
La valeur du produit / service reste abstraite pour l'équipe,Niveau 2,Atelier SMART,Avoir une vision claire par l'équipe sur les objectifs pouvant l'animer et la guider dans la construction du produit/service
La valeur du produit / service reste abstraite pour l'équipe,Niveau 3,OKR,Permettre un meilleur alignement entre les équipes ainsi qu'une amélioration de la mesure de la performance. Cela peut aider les équipes à comprendre leur contribution à l'entreprise et permettre à l'entreprise de suivre les résultats de manière plus précise
La valeur du produit / service reste abstraite pour l'équipe,Nextoo,,
L'équipe n'arrive pas à prioriser les sujets ou les lacunes accumulées,Niveau 0,Global,Impact global attendu : Les priorités ont été clarifiées dont les sujets laissés de côté et l'équipe est consciente de sa capacité à réaliser les choses
L'équipe n'arrive pas à prioriser les sujets ou les lacunes accumulées,Niveau 1,Atelier de priorisation,"Clarifier les priorités de l'équipe et à se concentrer sur les tâches les plus importantes, ce qui améliore l'efficacité et la productivité globale de l'équipe"
L'équipe n'arrive pas à prioriser les sujets ou les lacunes accumulées,Niveau 2,Zone d'atterrissage backlog,L'équipe est consciente des prochaines priorités et de sa capacité à réaliser les choses.
L'équipe n'arrive pas à prioriser les sujets ou les lacunes accumulées,Nextoo,,
Vague de nouveaux arrivés,Niveau 0,Global,Impact global attendu : Permettre de connaitre les raisons du turnover trop important
Vague de nouveaux arrivés,Niveau 1,Rétrospective,"Amélioration du travail en équipe en favorisant l'alignement, la communication, la responsabilisation et l'amélioration continue."
Vague de nouveaux arrivés,Niveau 2,Vision Board,"Permettre de mieux comprendre les besoins et les attentes des utilisateurs, de créer une vision partagée de l'équipe sur le produit, d'aligner les priorités et de mieux planifier les itérations du produit"
Vague de nouveaux arrivés,Niveau 3,Atelier SMART,Avoir une vision claire par l'équipe sur les objectifs pouvant l'animer et la guider dans la construction du produit/service
Vague de nouveaux arrivés,Nextoo,,
Le comportement d'un individu dérange l'équipe,Niveau 1,E-diagnostic RH,"Pour ce dysfonctionnement, nous avons besoin d'approfondir avec un autre e-diagnostic qui n'est pas encore disponible afin d'en connaitre les raisons. Ces raisons peuvent être diverses et variées mais tout à fait normal en fonction de votre contexte."
Le comportement d'un individu dérange l'équipe,Nextoo,,
L'équipe ne s'adapte pas assez au changement,Niveau 0,Global,Impact global attendu : Permettre à l'équipe de mettre en place des démarches d'amélioration continue par rapport à son fonctionnement et à la valeur qu'elle délivre
L'équipe ne s'adapte pas assez au changement,Niveau 1,Rétrospective,"Amélioration du travail en équipe en favorisant l'alignement, la communication, la responsabilisation et l'amélioration continue."
L'équipe ne s'adapte pas assez au changement,Niveau 2,Test & Learn,Permettre de développer rapidement de nouvelles idées et de s'adapter rapidement aux changements dans le marché ou les besoins des utilisateurs. Cela permet à l'entreprise d'être plus agile et compétitive
L'équipe ne s'adapte pas assez au changement,Nextoo,,
L'équipe est bridée par le management,Niveau 0,Global,Impact global attendu : Connaître les niveaux d'autonomie et de responsabilité de chacun dans la réalisation de tâches spécifiques
L'équipe est bridée par le management,Niveau 1,Delegation Poker,"Clarifier les niveaux de délégation de chaque membre de l'équipe, en évaluant leur degré d'autonomie et de responsabilité dans la réalisation de tâches spécifiques"
L'équipe est bridée par le management,Niveau 2,E-diagnostic Leadership,"Pour ce dysfonctionnement, nous avons besoin d'approfondir avec un autre e-diagnostic qui n'est pas encore disponible afin d'en connaitre les raisons. Ces raisons peuvent être diverses et variées mais tout à fait normal en fonction de votre contexte."
L'équipe est bridée par le management,Nextoo,,
L'équipe n'a pas de feedback,Niveau 0,Global,Impact global attendu : Permettre à l'équipe d'obtenir des retours sur son mode de fonctionnement et la valeur qu'elle délivre
L'équipe n'a pas de feedback,Niveau 1,Feedback Loop,"Les feedback loops permettent de recueillir des commentaires réguliers de la part des utilisateurs ou des parties prenantes, ce qui permet à l'équipe de développement de comprendre les besoins des utilisateurs et d'ajuster le produit en conséquence. Cela peut conduire à une amélioration de la satisfaction des utilisateurs, une réduction des erreurs et des bugs, et une augmentation de l'adoption du produit."
L'équipe n'a pas de feedback,Niveau 2,Review,Prise en compte des retours utilisateurs afin de comprendre le sens de leur besoin
L'équipe n'a pas de feedback,Nextoo,,
Les individus sont résignés,Niveau 0,Global,Impact global attendu : Donner du sens à ce que fait l'équipe et pourquoi elle le fait
Les individus sont résignés,Niveau 1,Team Building,Renforcer la cohésion et la collaboration au sein d'une équipe
Les individus sont résignés,Niveau 2,Atelier SMART,Avoir une vision claire par l'équipe sur les objectifs pouvant l'animer et la guider dans la construction du produit/service
Les individus sont résignés,Niveau 3,Vision Board,"Permettre de mieux comprendre les besoins et les attentes des utilisateurs, de créer une vision partagée de l'équipe sur le produit, d'aligner les priorités et de mieux planifier les itérations du produit"
Les individus sont résignés,Nextoo,,
Les membres de l'équipe ont des non-dits,Niveau 0,Global,Impact global attendu : Améliorer la communication autour des problématiques que l'équipe rencontre tout en apportant une démarche d'amélioration continue
Les membres de l'équipe ont des non-dits,Niveau 1,Rétrospective,"Amélioration du travail en équipe en favorisant l'alignement, la communication, la responsabilisation et l'amélioration continue."
Les membres de l'équipe ont des non-dits,Niveau 2,E-diagnostic RH,"Pour ce dysfonctionnement, nous avons besoin d'approfondir avec un autre e-diagnostic qui n'est pas encore disponible afin d'en connaitre les raisons. Ces raisons peuvent être diverses et variées mais tout à fait normal en fonction de votre contexte."
Les membres de l'équipe ont des non-dits,Nextoo,,
Un des membres de l'équipe se met trop en avant sur son domaine de compétences,Niveau 1,Delegation Poker,"Clarifier les niveaux de délégation de chaque membre de l'équipe, en évaluant leur degré d'autonomie et de responsabilité dans la réalisation de tâches spécifiques"
Un des membres de l'équipe se met trop en avant sur son domaine de compétences,Nextoo,T-Shaped Competence,"Explorons ensemble la notion de T-Shaped Competence comme nous le propose la carte ""Agile Topic"" numéro 16 de Jimmy Janlén."
L'équipe prend trop de risques,Niveau 0,Global,Impact global attendu :
L'équipe prend trop de risques,Niveau 1,Delegation Poker,"Clarifier les niveaux de délégation de chaque membre de l'équipe, en évaluant leur degré d'autonomie et de responsabilité dans la réalisation de tâches spécifiques"
L'équipe prend trop de risques,Niveau 2,Atelier du Chaos,L'équipe est en mesure de gérer les événements non prévus sans stress.
L'équipe prend trop de risques,Nextoo,,
L'équipe a trop de leaders,Niveau 0,Global,Impact global attendu : Permettre une identification de chaque membre concernant son autonomie et sa responsabilité dans l'équipe
L'équipe a trop de leaders,Niveau 1,Delegation Poker,"Clarifier les niveaux de délégation de chaque membre de l'équipe, en évaluant leur degré d'autonomie et de responsabilité dans la réalisation de tâches spécifiques"
L'équipe a trop de leaders,Niveau 2,E-diagnostic Leadership,"Pour ce dysfonctionnement, nous avons besoin d'approfondir avec un autre e-diagnostic qui n'est pas encore disponible afin d'en connaitre les raisons. Ces raisons peuvent être diverses et variées mais tout à fait normal en fonction de votre contexte."
L'équipe a trop de leaders,Nextoo,La corde carrée (par Nextoo),"Une corde, des participants avec les yeux bandés... vont-ils réussir à en faire un carré?"
L'équipe a trop de leaders,Nextoo,Stringball (par Nextoo),Montrer les interactions qui se mettent en place lorsqu’une équipe doit atteindre un objectif dans un contexte challengeant.
L'équipe a trop de leaders,Nextoo 2,Space Team,"Une interface avec des boutons et potentiomètres, des instructions qui ne correspondent pas??? Comment traverser cette pluie d'astéroïdes dans ces conditions?"
L'équipe a trop de leaders,Nextoo 3,Keep talking and nobody explodes,"Déminons une bombe en mettant en place la bonne communication. Qu'elle soit efficace! Qu'elle fasse preuve de transparence en donnant de la visibilité! Le tout en utilisant le jeu vidéo ""Keep Talking and Nobody Explodes""."
L'équipe est abandonnée,Niveau 0,Global,Impact global attendu : Permettre de connaitre le degré d'autonomie de l'équipe ainsi que la raison d'être de l'équipe au sein de son organisation
L'équipe est abandonnée,Niveau 1,Review,Prise en compte des retours utilisateurs et des parties prenantes afin de comprendre le sens de leurs besoins.
L'équipe est abandonnée,Niveau 2,Atelier SMART,Avoir une vision claire par l'équipe sur les objectifs pouvant l'animer et la guider dans la construction du produit/service
L'équipe est abandonnée,Niveau 3,OKR,Permettre un meilleur alignement entre les équipes ainsi qu'une amélioration de la mesure de la performance. Cela peut aider les équipes à comprendre leur contribution à l'entreprise et permettre à l'entreprise de suivre les résultats de manière plus précise
L'équipe est abandonnée,Nextoo,,
Majorité de membres individualistes,Niveau 0,Global,Impact global attendu : Obtenir un objectif commun pour l'ensemble de l'équipe tout en améliorant la communication et la responsabilisation de cette dernière
Majorité de membres individualistes,Niveau 1,Rétrospective,"Amélioration du travail en équipe en favorisant l'alignement, la communication, la responsabilisation et l'amélioration continue."
Majorité de membres individualistes,Niveau 2,Trou dans la Raquette by Argios,Connaître les faiblesses dans la mise en place d'un processus de production et l'objectif est de les combler par un binôme ou une montée en compétences individuelles.
Majorité de membres individualistes,Niveau 3,Vision Board,"Permettre de mieux comprendre les besoins et les attentes des utilisateurs, de créer une vision partagée de l'équipe sur le produit, d'aligner les priorités et de mieux planifier les itérations du produit"
Majorité de membres individualistes,Nextoo,La crevasse,Un classique de l'animation de groupe. La crevasse nous met à l'épreuve de la confiance et de l'astuce collective.
Majorité de membres individualistes,Nextoo 2,The Tower of Power,Atelier de groupe ludique et collaboratif. Tower of Power propose une activité physique de manipulation de blocs afin d'en construire une tour. L'équipe réussira-t-elle le défi? Qu'en apprendra-t-elle?
L'équipe gère trop de produits / services,Niveau 0,Global,Impact global attendu : Connaitre la capacité de l'équipe ainsi qu'une clarification des priorités
L'équipe gère trop de produits / services,Niveau 1,Rétrospective,"Amélioration du travail en équipe en favorisant l'alignement, la communication, la responsabilisation et l'amélioration continue."
L'équipe gère trop de produits / services,Niveau 2,Gestion du backlog,Permettre une visibilité du backlog
L'équipe gère trop de produits / services,Niveau 3,Atelier de priorisation,"Clarifier les priorités de l'équipe et à se concentrer sur les tâches les plus importantes, ce qui améliore l'efficacité et la productivité globale de l'équipe"
L'équipe gère trop de produits / services,Nextoo,,
L'équipe n'a pas de leader,Niveau 0,Global,Impact global attendu : Permettre une identification de chaque membre concernant son autonomie et sa responsabilité dans l'équipe
L'équipe n'a pas de leader,Niveau 1,Delegation Poker,"Clarifier les niveaux de délégation de chaque membre de l'équipe, en évaluant leur degré d'autonomie et de responsabilité dans la réalisation de tâches spécifiques"
L'équipe n'a pas de leader,Niveau 2,E-diagnostic Leadership,"Pour ce dysfonctionnement, nous avons besoin d'approfondir avec un autre e-diagnostic qui n'est pas encore disponible afin d'en connaitre les raisons. Ces raisons peuvent être diverses et variées mais tout à fait normal en fonction de votre contexte."
L'équipe n'a pas de leader,Nextoo,Stringball,Montrer les interactions qui se mettent en place lorsqu’une équipe doit atteindre un objectif dans un contexte challengeant.
L'équipe n'a pas de leader,Nextoo 2,The Tower of Power,Atelier de groupe ludique et collaboratif. Tower of Power propose une activité physique de manipulation de blocs afin d'en construire une tour. L'équipe réussira-t-elle le défi? Qu'en apprendra-t-elle?
L'équipe dit non à tout,Niveau 0,Global,Impact global attendu : Permettre une identification de chaque membre concernant son autonomie et sa responsabilité dans l'équipe ainsi qu'une meilleure compréhension fonctionnel du produit qu'elle construit
L'équipe dit non à tout,Niveau 1,Gestion du backlog,"Clarifier les niveaux de délégation de chaque membre de l'équipe, en évaluant son degré d'autonomie et de responsabilité dans la réalisation de tâches spécifiques."
L'équipe dit non à tout,Niveau 2,Wip Limit,Permettre d'identifier les blocages dans le flux de travail et de permettre une meilleure collaboration au sein de l'équipe
L'équipe dit non à tout,Niveau 3,Rétrospective,"Amélioration du travail en équipe en favorisant l'alignement, la communication, la prise de responsabilité et l'amélioration continue."
L'équipe dit non à tout,Nextoo,,
L'équipe n'ose pas,Niveau 0,Global,Impact global attendu : Permettre à l'équipe d'obtenir des retours et d'expérimenter des nouvelles solutions par rapport aux besoins des utilisateurs
L'équipe n'ose pas,Niveau 1,Feedback Loop,"Les feedback loops permettent de recueillir des commentaires réguliers de la part des utilisateurs ou des parties prenantes, ce qui permet à l'équipe de développement de comprendre les besoins des utilisateurs et d'ajuster le produit en conséquence. Cela peut conduire à une amélioration de la satisfaction des utilisateurs, une réduction des erreurs et des bugs, et une augmentation de l'adoption du produit."
L'équipe n'ose pas,Niveau 2,Test & Learn,Permettre de développer rapidement de nouvelles idées et de s'adapter rapidement aux changements dans le marché ou les besoins des utilisateurs. Cela permet à l'entreprise d'être plus agile et compétitive
L'équipe n'ose pas,Nextoo,,
Pas d'enquête au préalable auprès de l'utilisateur,Niveau 0,Global,Impact global attendu : Vous avez une approche user centric en effet vous connaissez vos utilisateurs et leurs spécificités tout en ayant une approche qui limite les investissements supplémentaires
Pas d'enquête au préalable auprès de l'utilisateur,Niveau 1,Persona,Obtenir une représentation des utilisateurs afin de mieux cibler les fonctionnalités à mettre en place
Pas d'enquête au préalable auprès de l'utilisateur,Niveau 2,User Journey,Obtenir un parcours de l'interaction de l'utilisateur sur votre produit et/ou service afin de connaitre au mieux les améliorations à apporter et aussi de savoir ce qu'il fonctionne bien.
Pas d'enquête au préalable auprès de l'utilisateur,Niveau 3,Experiment AB Test,Création d'hypothèses UX à faire tester par les utilisateurs
Trop de temps passé sur la 1ere version,Niveau 0,Global,"Impact global attendu : Le produit sera de meilleure qualité et répondra aux besoins des utilisateurs tout en minimisant les coûts et le temps de développement. Cela peut se traduire par une meilleure satisfaction client, une réduction des coûts de développement et une accélération de la mise sur le marché ou en interne"
Trop de temps passé sur la 1ere version,Niveau 1,Story Mapping,Permettre de mieux comprendre les besoins des utilisateurs et de prioriser les fonctionnalités à développer. Cela permet de créer une vision partagée du produit et de faciliter la communication entre les différentes équipes impliquées dans le développement.
Trop de temps passé sur la 1ere version,Niveau 2,MVP,Permettre d'avoir plusieurs versions du produit et de limiter le risque d'échec
L'utilisateur n'a pas moyen de remonter ces problèmes,Niveau 0,Global,"Impact global attendu : Cela peut conduire à une meilleure satisfaction des utilisateurs, une meilleure rétention des utilisateurs, une réduction des coûts de développement et une amélioration globale de la qualité du produit"
L'utilisateur n'a pas moyen de remonter ces problèmes,Niveau 1,Feedback Loop,"Les feedback loops permettent de recueillir des commentaires réguliers de la part des utilisateurs ou des parties prenantes, ce qui permet à l'équipe de développement de comprendre les besoins des utilisateurs et d'ajuster le produit en conséquence. Cela peut conduire à une amélioration de la satisfaction des utilisateurs, une réduction des erreurs et des bugs, et une augmentation de l'adoption du produit."
L'utilisateur n'a pas moyen de remonter ces problèmes,Niveau 2,Review,Prise en compte des retours utilisateurs dans la Roadmap produit
La vision n'est pas claire,Niveau 0,Global,"Impact global attendu : Réduire le temps de commercialisation, à améliorer la qualité du produit et à augmenter la satisfaction des utilisateurs."
La vision n'est pas claire,Niveau 1,Product Vision Box,"Permettre de mieux comprendre les besoins et les attentes des utilisateurs, de créer une vision partagée de l'équipe sur le produit, d'aligner les priorités et de mieux planifier les itérations du produit"
La vision n'est pas claire,Niveau 2,Vision Board,"Permettre de mieux comprendre les besoins et les attentes des utilisateurs, de créer une vision partagée de l'équipe sur le produit, d'aligner les priorités et de mieux planifier les itérations du produit"
La vision n'est pas claire,Niveau 3,Lean Canvas,"Permettre de mieux comprendre les besoins et les attentes des utilisateurs, de créer une vision partagée de l'équipe sur le produit, d'aligner les priorités et de mieux planifier les itérations du produit"
Objectif non SMART,Niveau 0,Global,"Impact global attendu : Permettre une meilleure clarté et compréhension des objectifs, un meilleur alignement entre les équipes, une amélioration de la mesure de la performance"
Objectif non SMART,Niveau 1,Atelier SMART,Avoir une vision claire par l'équipe sur les objectifs pouvant l'animer et la guider dans la construction du produit/service
Objectif non SMART,Niveau 2,OKR,Permettre un meilleur alignement entre les équipes ainsi qu'une amélioration de la mesure de la performance. Cela peut aider les équipes à comprendre leur contribution à l'entreprise et permettre à l'entreprise de suivre les résultats de manière plus précise
Manque de collaboration,Niveau 1,Delegation Poker,"Clarifier les niveaux de délégation de chaque membre de l'équipe, en évaluant leur degré d'autonomie et de responsabilité dans la réalisation de tâches spécifiques"
La vision ne change pas,Niveau 0,Global,"Impact global attendu : Le produit est développé en prenant en compte les besoins des utilisateurs tout en restant aligné avec la vision du produit. Cela permet d'optimiser la qualité du produit, la satisfaction client et de maximiser les chances de réussite du produit sur le marché."
La vision ne change pas,Niveau 1,Feedback Loop,"Les feedback loops permettent de recueillir des commentaires réguliers de la part des utilisateurs ou des parties prenantes, ce qui permet à l'équipe de développement de comprendre les besoins des utilisateurs et d'ajuster le produit en conséquence. Cela peut conduire à une amélioration de la satisfaction des utilisateurs, une réduction des erreurs et des bugs, et une augmentation de l'adoption du produit."
La vision ne change pas,Niveau 2,Vision Board,"Permettre de mieux comprendre les besoins et les attentes des utilisateurs, de créer une vision partagée de l'équipe sur le produit, d'aligner les priorités et de mieux planifier les itérations du produit"
Mauvais focus du problème,Niveau 0,Global,"Impact global attendu : Visualiser le parcours de l'utilisateur à travers le produit ou le service, identifier les points de friction et de confusion, et trouver des moyens d'améliorer l'expérience globale."
Mauvais focus du problème,Niveau 1,User Journey,Obtenir un parcours de l'interaction de l'utilisateur sur votre produit et/ou service afin de connaitre au mieux les améliorations à apporter et aussi de savoir ce qu'il fonctionne bien.
Mauvais focus du problème,Niveau 2,Experience Map,"Aider les équipes à créer des produits ou services plus alignés sur les besoins et les attentes des utilisateurs, améliorer l'expérience utilisateur globale et prendre des décisions plus éclairées basées sur des données."
Les utilisateurs choisis ne sont pas un échantillon représentatif,Niveau 1,Persona,Obtenir une représentation des utilisateurs afin de mieux cibler les fonctionnalités à mettre en place
Le processus n'est pas écrit en collaboration avec les utilisateurs,Niveau 2,Story Mapping,Permettre de mieux comprendre les besoins des utilisateurs et de prioriser les fonctionnalités à développer. Cela permet de créer une vision partagée du produit et de faciliter la communication entre les différentes équipes impliquées dans le développement.
La vision n'est pas mise à jour,Niveau 0,Global,"Impact global attendu : Permettre d'améliorer la qualité et la pertinence de ses produits en continu, tout en minimisant les risques et les coûts associés à des échecs potentiels. L'équipe peut mieux communiquer sa vision et ses objectifs à l'ensemble des parties prenantes, et prendre des décisions plus éclairées en se basant sur des données réelles"
La vision n'est pas mise à jour,Niveau 1,Feedback Loop,"Les feedback loops permettent de recueillir des commentaires réguliers de la part des utilisateurs ou des parties prenantes, ce qui permet à l'équipe de développement de comprendre les besoins des utilisateurs et d'ajuster le produit en conséquence. Cela peut conduire à une amélioration de la satisfaction des utilisateurs, une réduction des erreurs et des bugs, et une augmentation de l'adoption du produit."
La vision n'est pas mise à jour,Niveau 2,Iteration Vision ( Test & Learn & mesureament),"Tester et itérer rapidement des idées de produit, de nouvelles fonctionnalités et des changements de conception. Il permet également de mesurer les résultats de ces tests pour identifier les options les plus performantes à conserver"
La vision n'est pas mise à jour,Niveau 3,Vision Board,"Permettre de mieux comprendre les besoins et les attentes des utilisateurs, de créer une vision partagée de l'équipe sur le produit, d'aligner les priorités et de mieux planifier les itérations du produit"
Trop de strates dans l'organisation,Niveau 0,Global,"Impact global attendu : Améliorer l'efficacité globale de l'équipe, en clarifiant les responsabilités et en permettant à chaque membre de l'équipe de contribuer de manière optimale à la réalisation des objectifs communs"
Trop de strates dans l'organisation,Niveau 1,Matrice des rôles,"Clarifier les responsabilités et les tâches de chaque membre de l'équipe, en attribuant des rôles spécifiques en fonction de leurs compétences et de leurs expériences"
Trop de strates dans l'organisation,Niveau 2,Delegation Poker,"Clarifier les niveaux de délégation de chaque membre de l'équipe, en évaluant leur degré d'autonomie et de responsabilité dans la réalisation de tâches spécifiques"
La construction du produit est imposée,Niveau 0,Global,"Impact global attendu : Une meilleure compréhension du produit à développer, de sa vision, de ses fonctionnalités et de son marché cible. Aligner les objectifs de l'entreprise et à prendre des décisions éclairées quant aux priorités à suivre pour le développement du produit. En utilisant la Délégation poker, l'équipe pourra mieux comprendre les rôles et responsabilités de chacun"
La construction du produit est imposée,Niveau 1,Delegation Poker,"Clarifier les niveaux de délégation de chaque membre de l'équipe, en évaluant leur degré d'autonomie et de responsabilité dans la réalisation de tâches spécifiques"
La construction du produit est imposée,Niveau 2,Story Mapping,Permettre de mieux comprendre les besoins des utilisateurs et de prioriser les fonctionnalités à développer. Cela permet de créer une vision partagée du produit et de faciliter la communication entre les différentes équipes impliquées dans le développement.
La construction du produit est imposée,Niveau 3,Vision Board,"Permettre de mieux comprendre les besoins et les attentes des utilisateurs, de créer une vision partagée de l'équipe sur le produit, d'aligner les priorités et de mieux planifier les itérations du produit"
Le problème est une invention,Niveau 0,Global,Impact global attendu : Vous avez une approche user centric en effet vous connaissez vos utilisateurs et leurs spécificités tout en ayant une approche qui limite les investissements supplémentaires
Le problème est une invention,Niveau 1,Persona,Obtenir une représentation des utilisateurs afin de mieux cibler les fonctionnalités à mettre en place
Le problème est une invention,Niveau 2,User Journey,Obtenir un parcours de l'interaction de l'utilisateur sur votre produit et/ou service afin de connaitre au mieux les améliorations à apporter et aussi de savoir ce qu'il fonctionne bien.
Le problème est une invention,Niveau 3,Experiment AB Test,Création d'hypothèses UX à faire tester par les utilisateurs
Absence d'objectif,Niveau 0,Global,"Impact global attendu : Permettre une meilleure clarté et compréhension des objectifs, un meilleur alignement entre les équipes, une amélioration de la mesure de la performance"
Absence d'objectif,Niveau 1,Atelier SMART,Avoir une vision claire par l'équipe sur les objectifs pouvant l'animer et la guider dans la construction du produit/service
Absence d'objectif,Niveau 2,OKR,Permettre un meilleur alignement entre les équipes ainsi qu'une amélioration de la mesure de la performance. Cela peut aider les équipes à comprendre leur contribution à l'entreprise et permettre à l'entreprise de suivre les résultats de manière plus précise.
L'équipe et les parties prenantes n'ont pas confiance en les utilisateurs,Niveau 0,Global,"Impact global attendu : Connaissance de vos utilisateurs et la conduite à une meilleure satisfaction des utilisateurs, une meilleure rétention des utilisateurs, une réduction des coûts de développement et une amélioration globale de la qualité du produit"
L'équipe et les parties prenantes n'ont pas confiance en les utilisateurs,Niveau 1,Persona,Obtenir une représentation des utilisateurs afin de mieux cibler les fonctionnalités à mettre en place
L'équipe et les parties prenantes n'ont pas confiance en les utilisateurs,Niveau 2,Feedback Loop,"Les feedback loops permettent de recueillir des commentaires réguliers de la part des utilisateurs ou des parties prenantes, ce qui permet à l'équipe de développement de comprendre les besoins des utilisateurs et d'ajuster le produit en conséquence. Cela peut conduire à une amélioration de la satisfaction des utilisateurs, une réduction des erreurs et des bugs, et une augmentation de l'adoption du produit."
L'équipe et les parties prenantes n'ont pas confiance en les utilisateurs,Niveau 3,Review,Prise en compte des retours utilisateurs dans la Roadmap produit
La vision n'est pas communiquée,Niveau 0,Global,"Impact global attendu : Comprendre les besoins des clients et les objectifs de l'entreprise, tout en travaillant de manière plus collaborative et en identifiant les problèmes potentiels plus rapidement"
La vision n'est pas communiquée,Niveau 1,Vision Board,"Permettre de mieux comprendre les besoins et les attentes des utilisateurs, de créer une vision partagée de l'équipe sur le produit, d'aligner les priorités et de mieux planifier les itérations du produit"
La vision n'est pas communiquée,Niveau 2,Team Area,Permettre un espace dédié pour l'équipe sur la vision et la stratégie du produit
La vision n'est pas communiquée,Niveau 3,Lean Canvas,"Permettre de mieux comprendre les besoins et les attentes des utilisateurs, de créer une vision partagée de l'équipe sur le produit, d'aligner les priorités et de mieux planifier les itérations du produit"
La vision n'est pas communiquée,Niveau 4,Gamba,Permettre un espace dédié pour l'équipe sur la vision et la stratégie du produit
La raison d'être du produit n'a pas de sens car une solution existe déjà,Niveau 1,Benchmark,Le benchmark va permettre une expression des besoins ainsi que la définition d'un périmètre. De plus il permettra de connaitre le marché ainsi que les futurs différenciations du produit à construire
Non communication sur le produit,Niveau 0,Global,Impact global attendu : Meilleure communication ainsi qu'une meilleure compréhension des besoins et attentes des utilisateurs
Non communication sur le produit,Niveau 1,Stratégie de communication,"Permettre l'augmentation de la visibilité (Newsletter, démonstration) et de la réputation et même pour certains produits la fidélisation des clients, la génération de prospects et une augmentation des ventes"
Non communication sur le produit,Niveau 2,Vision Board,"Permettre de mieux comprendre les besoins et les attentes des utilisateurs, de créer une vision partagée de l'équipe sur le produit, d'aligner les priorités et de mieux planifier les itérations du produit"
La vision est imposée,Niveau 0,Global,"Impact global attendu : Permettre de définir une vision claire du produit, d'affiner la stratégie produit et de se concentrer sur les fonctionnalités qui ont un impact significatif sur les utilisateurs et le succès du produit."
La vision est imposée,Niveau 1,Story Mapping,Permettre de mieux comprendre les besoins des utilisateurs et de prioriser les fonctionnalités à développer. Cela permet de créer une vision partagée du produit et de faciliter la communication entre les différentes équipes impliquées dans le développement.
La vision est imposée,Niveau 2,Impact Mapping,Permettre pour chaque équipe de lister l'ensemble des impacts du développement produit.
La vision est imposée,Niveau 3,User Journey,Obtenir un parcours de l'interaction de l'utilisateur sur votre produit et/ou service afin de connaitre au mieux les améliorations à apporter et aussi de savoir ce qu'il fonctionne bien
Absence de valeur,Niveau 1,Business value game,Obtenir une priorisation en fonction des enjeux des utilisateurs
Le produit génère des problèmes,Niveau 1,Impact Mapping,Permettre pour chaque équipe de lister l'ensemble des impacts du développement produit sur les utilisateurs et les parties prenantes
Le climat social n'est pas adapté pour remonter le problème,Niveau 0,Global,"Impact global attendu : Permettre à l'équipe de donner leur feedback sur les processus, les produits et les stratégies, et à en discuter lors des revues régulières. Cela permettra de corriger les erreurs rapidement et d'identifier les améliorations à apporter."
Le climat social n'est pas adapté pour remonter le problème,Niveau 1,Feedback Loop,"Les feedback loops permettent de recueillir des commentaires réguliers de la part des utilisateurs ou des parties prenantes, ce qui permet à l'équipe de développement de comprendre les besoins des utilisateurs et d'ajuster le produit en conséquence. Cela peut conduire à une amélioration de la satisfaction des utilisateurs, une réduction des erreurs et des bugs, et une augmentation de l'adoption du produit."
Le climat social n'est pas adapté pour remonter le problème,Niveau 2,Review,Prise en compte des retours utilisateurs dans la Roadmap produit
Le climat social n'est pas adapté pour remonter le problème,Niveau 3,E-diagnostic Leadership,"Pour ce dysfonctionnement, nous avons besoin d'approfondir avec un autre e-diagnostic qui n'est pas encore disponible afin d'en connaitre les raisons. Ces raisons peuvent être diverses et variées mais tout à fait normal en fonction de votre contexte."
Le produit n'a pas d'évolutivité,Niveau 1,Experience Map,"Permettre de cartographier l'expérience d'un utilisateur, d'identifier les obstacles et les problèmes que le client rencontre avec un produit ou un service ainsi que les opportunités d'amélioration et d'innovation."
La raison d'être du produit est connue d'une seule personne,Niveau 0,Global,"Impact global attendu : Réduire le temps de commercialisation, à améliorer la qualité du produit et à augmenter la satisfaction des utilisateurs."
La raison d'être du produit est connue d'une seule personne,Niveau 1,Vision Board,"Permettre de mieux comprendre les besoins et les attentes des utilisateurs, de créer une vision partagée de l'équipe sur le produit, d'aligner les priorités et de mieux planifier les itérations du produit"
La raison d'être du produit est connue d'une seule personne,Niveau 2,Lean Startup,Faire évoluer sa vision et donc sa stratégie afin de faire le bon produit. Source de motivation pour l'ensemble de l'équipe car elle permet d'aligner le collectif
Equipe sceptique,Niveau 1,E-diagnostic Leadership,"Pour ce dysfonctionnement, nous avons besoin d'approfondir avec un autre e-diagnostic qui n'est pas encore disponible afin d'en connaitre les raisons. Ces raisons peuvent être diverses et variées mais tout à fait normal en fonction de votre contexte."
Les fonctionnalités et services sont des projets,Niveau 0,Global,"Impact global attendu : Permettre de rendre le produit de meilleure qualité et de répondre aux besoins des utilisateurs tout en minimisant les coûts et le temps de développement. Cela peut se traduire par une meilleure satisfaction client, une réduction des coûts de développement et une accélération de la mise sur le marché ou en interne"
Les fonctionnalités et services sont des projets,Niveau 1,Story Mapping,Permettre de mieux comprendre les besoins des utilisateurs et de prioriser les fonctionnalités à développer. Cela permet de créer une vision partagée du produit et de faciliter la communication entre les différentes équipes impliquées dans le développement
Les fonctionnalités et services sont des projets,Niveau 2,Impact Mapping,Permettre pour chaque équipe de lister l'ensemble des impacts du développement produit sur les utilisateurs et les parties prenantes
Les fonctionnalités et services sont des projets,Niveau 3,MVP,Permettre d'avoir plusieurs versions du produit et de limiter le risque d'échec
L'équipe a besoin d'être davantage guidée,Niveau 1,E-diagnostic Leadership,"Pour ce dysfonctionnement, nous avons besoin d'approfondir avec un autre e-diagnostic qui n'est pas encore disponible afin d'en connaitre les raisons. Ces raisons peuvent être diverses et variées mais tout à fait normal en fonction de votre contexte"
Perte de raison d'être du produit,Niveau 0,Global,"Impact global attendu : Réduire le temps de commercialisation, à améliorer la qualité du produit et à augmenter la satisfaction des utilisateurs"
Perte de raison d'être du produit,Niveau 1,Vision Board,"Permettre de mieux comprendre les besoins et les attentes des utilisateurs, de créer une vision partagée de l'équipe sur le produit, d'aligner les priorités et de mieux planifier les itérations du produit"
Perte de raison d'être du produit,Niveau 2,Lean Startup,Faire évoluer sa vision et donc sa stratégie afin de faire le bon produit. Source de motivation pour l'ensemble de l'équipe car elle permet d'aligner le collectif
Le problème identifié n'est pas le réel problème,Niveau 1,Experience Map,"Permettre de cartographier l'expérience d'un utilisateur, d'identifier les obstacles et les problèmes que le client rencontre avec un produit ou un service ainsi que les opportunités d'amélioration et d'innovation"
La vision ne peut être résumer en une phrase,Niveau 0,Global,
La fonctionnalité ou le service ne correspond pas à la raison d'être du produit,Niveau 0,Global,
Le problème n'est pas résolu entièrement,Niveau 0,Global,Impact global attendu : Permettre de mieux connaitre ces utilisateurs et d'intégrer leurs retours dans le produit dans les meilleurs délais
Le problème n'est pas résolu entièrement,Niveau 1,Feedback Loop,"Les feedback loops permettent de recueillir des commentaires réguliers de la part des utilisateurs ou des parties prenantes, ce qui permet à l'équipe de développement de comprendre les besoins des utilisateurs et d'ajuster le produit en conséquence. Cela peut conduire à une amélioration de la satisfaction des utilisateurs, une réduction des erreurs et des bugs, et une augmentation de l'adoption du produit"
Le problème n'est pas résolu entièrement,Niveau 2,Review,Prise en compte des retours utilisateurs dans la Roadmap produit
Le problème n'est pas résolu entièrement,Niveau 3,Experience Map,"Permettre de cartographier l'expérience d'un utilisateur, d'identifier les obstacles et les problèmes que le client rencontre avec un produit ou un service ainsi que les opportunités d'amélioration et d'innovation"
Le turnover est important,Niveau 1,Review,Impact global attendu : permettre de connaître les raisons du turnover trop important.
Le turnover est important,Nextoo,The band,Un anneau de tissu suffisamment élastique et résistant pour animer 24 personnes en même temps?
